[
{
  "model": "rareapi.rareuser",
  "pk": 9,
  "fields": {
    "password": "pbkdf2_sha256$600000$OeFgZZ7AUfzHdcZyicNQs3$JhGHT+1XR2murvu2eUccllMfAjL3byxDRMl/JFc7rf4=",
    "last_login": null,
    "is_superuser": false,
    "username": "admin_sarah",
    "first_name": "Sarah",
    "last_name": "Chen",
    "email": "sarah.chen@rare.com",
    "is_staff": true,
    "is_active": true,
    "date_joined": "2026-04-07T22:35:30.008Z",
    "bio": "Platform admin and tech enthusiast. I keep the lights on around here.",
    "profile_image_url": "",
    "created_on": "2025-06-15",
    "active": true,
    "groups": [],
    "user_permissions": []
  }
},
{
  "model": "rareapi.rareuser",
  "pk": 10,
  "fields": {
    "password": "pbkdf2_sha256$600000$OeFgZZ7AUfzHdcZyicNQs3$JhGHT+1XR2murvu2eUccllMfAjL3byxDRMl/JFc7rf4=",
    "last_login": null,
    "is_superuser": false,
    "username": "admin_marcus",
    "first_name": "Marcus",
    "last_name": "Johnson",
    "email": "marcus.j@rare.com",
    "is_staff": true,
    "is_active": true,
    "date_joined": "2026-04-07T22:35:30.012Z",
    "bio": "Co-admin of Rare Publishing. Music producer by night, moderator by day.",
    "profile_image_url": "",
    "created_on": "2025-06-22",
    "active": true,
    "groups": [],
    "user_permissions": []
  }
},
{
  "model": "rareapi.rareuser",
  "pk": 11,
  "fields": {
    "password": "pbkdf2_sha256$600000$OeFgZZ7AUfzHdcZyicNQs3$JhGHT+1XR2murvu2eUccllMfAjL3byxDRMl/JFc7rf4=",
    "last_login": null,
    "is_superuser": false,
    "username": "dev_diana",
    "first_name": "Diana",
    "last_name": "Reeves",
    "email": "diana.r@devblog.io",
    "is_staff": false,
    "is_active": true,
    "date_joined": "2026-04-07T22:35:30.013Z",
    "bio": "Full-stack developer writing about React, Python, and everything in between.",
    "profile_image_url": "",
    "created_on": "2025-06-29",
    "active": true,
    "groups": [],
    "user_permissions": []
  }
},
{
  "model": "rareapi.rareuser",
  "pk": 12,
  "fields": {
    "password": "pbkdf2_sha256$600000$OeFgZZ7AUfzHdcZyicNQs3$JhGHT+1XR2murvu2eUccllMfAjL3byxDRMl/JFc7rf4=",
    "last_login": null,
    "is_superuser": false,
    "username": "wanderlust_joe",
    "first_name": "Joe",
    "last_name": "Nakamura",
    "email": "joe.n@travelblog.com",
    "is_staff": false,
    "is_active": true,
    "date_joined": "2026-04-07T22:35:30.014Z",
    "bio": "Travel writer and amateur photographer. Currently exploring the Southeast.",
    "profile_image_url": "",
    "created_on": "2025-07-06",
    "active": true,
    "groups": [],
    "user_permissions": []
  }
},
{
  "model": "rareapi.rareuser",
  "pk": 13,
  "fields": {
    "password": "pbkdf2_sha256$600000$OeFgZZ7AUfzHdcZyicNQs3$JhGHT+1XR2murvu2eUccllMfAjL3byxDRMl/JFc7rf4=",
    "last_login": null,
    "is_superuser": false,
    "username": "chef_maya",
    "first_name": "Maya",
    "last_name": "Patel",
    "email": "maya.p@foodieblog.net",
    "is_staff": false,
    "is_active": true,
    "date_joined": "2026-04-07T22:35:30.016Z",
    "bio": "Home cook turned food blogger. Nashville hot chicken is my love language.",
    "profile_image_url": "",
    "created_on": "2025-07-13",
    "active": true,
    "groups": [],
    "user_permissions": []
  }
},
{
  "model": "rareapi.rareuser",
  "pk": 14,
  "fields": {
    "password": "pbkdf2_sha256$600000$OeFgZZ7AUfzHdcZyicNQs3$JhGHT+1XR2murvu2eUccllMfAjL3byxDRMl/JFc7rf4=",
    "last_login": null,
    "is_superuser": false,
    "username": "bookworm_alex",
    "first_name": "Alex",
    "last_name": "Torres",
    "email": "alex.t@readmore.co",
    "is_staff": false,
    "is_active": true,
    "date_joined": "2026-04-07T22:35:30.017Z",
    "bio": "Book reviewer and aspiring novelist. If I'm not reading, I'm probably napping.",
    "profile_image_url": "",
    "created_on": "2025-07-20",
    "active": true,
    "groups": [],
    "user_permissions": []
  }
},
{
  "model": "rareapi.rareuser",
  "pk": 15,
  "fields": {
    "password": "pbkdf2_sha256$600000$OeFgZZ7AUfzHdcZyicNQs3$JhGHT+1XR2murvu2eUccllMfAjL3byxDRMl/JFc7rf4=",
    "last_login": null,
    "is_superuser": false,
    "username": "fit_jordan",
    "first_name": "Jordan",
    "last_name": "Blake",
    "email": "jordan.b@fitlife.com",
    "is_staff": false,
    "is_active": true,
    "date_joined": "2026-04-07T22:35:30.018Z",
    "bio": "Personal trainer and wellness advocate. Let's get moving!",
    "profile_image_url": "",
    "created_on": "2025-07-27",
    "active": true,
    "groups": [],
    "user_permissions": []
  }
},
{
  "model": "rareapi.rareuser",
  "pk": 16,
  "fields": {
    "password": "pbkdf2_sha256$600000$OeFgZZ7AUfzHdcZyicNQs3$JhGHT+1XR2murvu2eUccllMfAjL3byxDRMl/JFc7rf4=",
    "last_login": null,
    "is_superuser": false,
    "username": "gamer_priya",
    "first_name": "Priya",
    "last_name": "Sharma",
    "email": "priya.s@pixelpress.gg",
    "is_staff": false,
    "is_active": true,
    "date_joined": "2026-04-07T22:35:30.019Z",
    "bio": "Indie game developer and retro gaming collector. Currently obsessed with roguelikes.",
    "profile_image_url": "",
    "created_on": "2025-08-03",
    "active": true,
    "groups": [],
    "user_permissions": []
  }
},
{
  "model": "rareapi.rareuser",
  "pk": 17,
  "fields": {
    "password": "pbkdf2_sha256$600000$OeFgZZ7AUfzHdcZyicNQs3$JhGHT+1XR2murvu2eUccllMfAjL3byxDRMl/JFc7rf4=",
    "last_login": null,
    "is_superuser": false,
    "username": "eco_oliver",
    "first_name": "Oliver",
    "last_name": "Green",
    "email": "oliver.g@sustainablog.org",
    "is_staff": false,
    "is_active": true,
    "date_joined": "2026-04-07T22:35:30.020Z",
    "bio": "Environmental scientist blogging about sustainability and green living.",
    "profile_image_url": "",
    "created_on": "2025-08-10",
    "active": true,
    "groups": [],
    "user_permissions": []
  }
},
{
  "model": "rareapi.rareuser",
  "pk": 18,
  "fields": {
    "password": "pbkdf2_sha256$600000$OeFgZZ7AUfzHdcZyicNQs3$JhGHT+1XR2murvu2eUccllMfAjL3byxDRMl/JFc7rf4=",
    "last_login": null,
    "is_superuser": false,
    "username": "music_luna",
    "first_name": "Luna",
    "last_name": "Martinez",
    "email": "luna.m@soundwaves.fm",
    "is_staff": false,
    "is_active": true,
    "date_joined": "2026-04-07T22:35:30.021Z",
    "bio": "Music journalist covering indie, jazz, and everything your algorithm won't recommend.",
    "profile_image_url": "",
    "created_on": "2025-08-17",
    "active": true,
    "groups": [],
    "user_permissions": []
  }
},
{
  "model": "rareapi.rareuser",
  "pk": 19,
  "fields": {
    "password": "pbkdf2_sha256$600000$OeFgZZ7AUfzHdcZyicNQs3$JhGHT+1XR2murvu2eUccllMfAjL3byxDRMl/JFc7rf4=",
    "last_login": null,
    "is_superuser": false,
    "username": "startup_raj",
    "first_name": "Raj",
    "last_name": "Gupta",
    "email": "raj.g@launchpad.io",
    "is_staff": false,
    "is_active": true,
    "date_joined": "2026-04-07T22:35:30.022Z",
    "bio": "Serial entrepreneur. Three startups in, still optimistic. Writing about the hustle.",
    "profile_image_url": "",
    "created_on": "2025-08-24",
    "active": true,
    "groups": [],
    "user_permissions": []
  }
},
{
  "model": "rareapi.rareuser",
  "pk": 20,
  "fields": {
    "password": "pbkdf2_sha256$600000$OeFgZZ7AUfzHdcZyicNQs3$JhGHT+1XR2murvu2eUccllMfAjL3byxDRMl/JFc7rf4=",
    "last_login": null,
    "is_superuser": false,
    "username": "photo_emma",
    "first_name": "Emma",
    "last_name": "Larsson",
    "email": "emma.l@lenscap.co",
    "is_staff": false,
    "is_active": true,
    "date_joined": "2026-04-07T22:35:30.023Z",
    "bio": "Photographer and visual storyteller based in Nashville. Mostly landscapes and street.",
    "profile_image_url": "",
    "created_on": "2025-08-31",
    "active": true,
    "groups": [],
    "user_permissions": []
  }
},
{
  "model": "rareapi.category",
  "pk": 5,
  "fields": {
    "label": "Technology"
  }
},
{
  "model": "rareapi.category",
  "pk": 6,
  "fields": {
    "label": "Travel"
  }
},
{
  "model": "rareapi.category",
  "pk": 7,
  "fields": {
    "label": "Food & Cooking"
  }
},
{
  "model": "rareapi.category",
  "pk": 8,
  "fields": {
    "label": "Books & Literature"
  }
},
{
  "model": "rareapi.category",
  "pk": 9,
  "fields": {
    "label": "Health & Fitness"
  }
},
{
  "model": "rareapi.category",
  "pk": 10,
  "fields": {
    "label": "Gaming"
  }
},
{
  "model": "rareapi.category",
  "pk": 11,
  "fields": {
    "label": "Environment"
  }
},
{
  "model": "rareapi.category",
  "pk": 12,
  "fields": {
    "label": "Music"
  }
},
{
  "model": "rareapi.category",
  "pk": 13,
  "fields": {
    "label": "Business & Startups"
  }
},
{
  "model": "rareapi.category",
  "pk": 14,
  "fields": {
    "label": "Photography"
  }
},
{
  "model": "rareapi.category",
  "pk": 15,
  "fields": {
    "label": "Lifestyle"
  }
},
{
  "model": "rareapi.category",
  "pk": 16,
  "fields": {
    "label": "Science"
  }
},
{
  "model": "rareapi.post",
  "pk": 6,
  "fields": {
    "user": 11,
    "category": 5,
    "title": "Why I Switched from REST to GraphQL (And Then Switched Back)",
    "publication_date": "2026-01-07",
    "image_url": "",
    "content": "After six months of running GraphQL in production, I have some thoughts. The developer experience is fantastic during development — the self-documenting schema, the ability to request exactly what you need, and the playground for testing queries. But the operational complexity caught up with us. Caching became a nightmare, error handling was inconsistent, and our backend team spent more time writing resolvers than actual business logic. For our team size and use case, REST with good documentation turned out to be the pragmatic choice. GraphQL is powerful, but it's not always the right tool.",
    "approved": true
  }
},
{
  "model": "rareapi.post",
  "pk": 7,
  "fields": {
    "user": 11,
    "category": 5,
    "title": "React Server Components: A Practical Guide for Skeptics",
    "publication_date": "2026-01-22",
    "image_url": "",
    "content": "I was skeptical about React Server Components when they were first announced. Another paradigm shift? Really? But after building a production app with Next.js App Router, I'm cautiously optimistic. The mental model is different — you have to think about which components need interactivity and which can render on the server. The performance gains are real though. Our initial page load dropped by 40% and our bundle size shrunk significantly. Here's what I learned along the way and the gotchas that tripped me up.",
    "approved": true
  }
},
{
  "model": "rareapi.post",
  "pk": 8,
  "fields": {
    "user": 11,
    "category": 5,
    "title": "The Junior Developer's Guide to Reading Legacy Code",
    "publication_date": "2026-02-06",
    "image_url": "",
    "content": "You've just joined a new team and they've pointed you at a codebase that's been around since 2018. There are no tests, the README is outdated, and half the dependencies are deprecated. Sound familiar? Here's my survival guide. First, resist the urge to rewrite everything. That codebase works — it's making money. Second, start with the entry points: where do requests come in? Follow the data flow. Third, git blame is your best friend. Find out who wrote what and ask them why. Fourth, write tests for the parts you need to change before you change them.",
    "approved": true
  }
},
{
  "model": "rareapi.post",
  "pk": 9,
  "fields": {
    "user": 11,
    "category": 5,
    "title": "Building a CLI Tool with Python: From Script to Package",
    "publication_date": "2026-02-21",
    "image_url": "",
    "content": "What started as a 50-line script to rename my photo files turned into a proper CLI tool with argument parsing, progress bars, and error handling. Here's how I went from a messy script to a publishable Python package. We'll cover argparse vs click vs typer, how to structure your project, writing tests for CLI tools, and publishing to PyPI. The whole journey took about a weekend, and now my team uses it daily.",
    "approved": true
  }
},
{
  "model": "rareapi.post",
  "pk": 10,
  "fields": {
    "user": 11,
    "category": 5,
    "title": "Django vs FastAPI: Choosing the Right Python Backend in 2026",
    "publication_date": "2026-03-08",
    "image_url": "",
    "content": "I've built production applications with both Django and FastAPI, and the 'which is better' debate misses the point entirely. They're optimized for different things. Django gives you an admin panel, ORM, authentication, and a massive ecosystem out of the box. FastAPI gives you speed, modern Python type hints, and async support. If you're building a content-heavy application with user management, Django is hard to beat. If you're building a microservice or API-first product, FastAPI shines. Here's my detailed comparison from real-world usage.",
    "approved": true
  }
},
{
  "model": "rareapi.post",
  "pk": 11,
  "fields": {
    "user": 12,
    "category": 6,
    "title": "48 Hours in Asheville: A Food and Nature Lover's Guide",
    "publication_date": "2026-01-12",
    "image_url": "",
    "content": "Asheville has been on my list for years, and it did not disappoint. Day one started with breakfast at Biscuit Head (get the cathead biscuit with gravy), followed by a hike on the Blue Ridge Parkway. The views from Craggy Gardens are worth the drive alone. For lunch, we hit up 12 Bones Smokehouse — Obama ate here twice for a reason. The afternoon was spent wandering the River Arts District, where you can watch artists work in their studios. Day two was all about the Biltmore Estate and downtown breweries. Here's the full itinerary with costs.",
    "approved": true
  }
},
{
  "model": "rareapi.post",
  "pk": 12,
  "fields": {
    "user": 12,
    "category": 6,
    "title": "Budget Travel in Japan: What Nobody Tells You",
    "publication_date": "2026-01-27",
    "image_url": "",
    "content": "Everyone says Japan is expensive. They're wrong — or at least, they're not looking hard enough. I spent three weeks in Japan for less than I'd spend on two weeks in most European cities. The secret? Konbini (convenience store) meals are genuinely delicious and cost $3-5. Capsule hotels are an experience and half the price of regular hotels. The Japan Rail Pass pays for itself after two long-distance trips. Local izakayas are cheaper than tourist restaurants and the food is better. Here are my actual daily expenses broken down by city.",
    "approved": true
  }
},
{
  "model": "rareapi.post",
  "pk": 13,
  "fields": {
    "user": 12,
    "category": 6,
    "title": "The Natchez Trace: America's Most Underrated Road Trip",
    "publication_date": "2026-02-11",
    "image_url": "",
    "content": "Four hundred and forty-four miles of pure, uninterrupted scenic road from Nashville to Natchez, Mississippi. No commercial traffic, no billboards, no stoplights. The Natchez Trace Parkway is a national treasure that most people have never heard of. I drove the entire thing over three days, stopping at mounds built by Indigenous peoples a thousand years ago, civil war sites, and some of the most beautiful waterfall hikes in the South. If you live in Nashville and haven't done this drive, what are you waiting for?",
    "approved": true
  }
},
{
  "model": "rareapi.post",
  "pk": 14,
  "fields": {
    "user": 12,
    "category": 6,
    "title": "Solo Travel Isn't Lonely — It's Liberating",
    "publication_date": "2026-03-03",
    "image_url": "",
    "content": "I used to think solo travel was something people did because they couldn't find anyone to go with. Then I spent two weeks alone in Portugal and realized it was the most freeing experience of my life. You eat when you're hungry, sleep when you're tired, and change plans without consulting anyone. I had conversations with strangers I never would have met traveling with friends. The initial discomfort of eating alone at a restaurant fades quickly. Here's what I learned about myself and some practical tips for first-time solo travelers.",
    "approved": true
  }
},
{
  "model": "rareapi.post",
  "pk": 15,
  "fields": {
    "user": 13,
    "category": 7,
    "title": "Nashville Hot Chicken at Home: The Real Deal",
    "publication_date": "2026-01-09",
    "image_url": "",
    "content": "After testing 47 different recipes and burning my taste buds off more times than I can count, I've finally nailed Nashville hot chicken at home. The secret isn't just cayenne — it's the combination of cayenne, paprika, garlic powder, and a touch of brown sugar in the paste. And you need lard, not butter. The chicken should be brined overnight, dredged in seasoned flour, and fried at exactly 325°F. The paste goes on RIGHT when it comes out of the oil. Serve on white bread with pickles. Accept no substitutions.",
    "approved": true
  }
},
{
  "model": "rareapi.post",
  "pk": 16,
  "fields": {
    "user": 13,
    "category": 7,
    "title": "Meal Prep Sunday: A Week of Lunches in 2 Hours",
    "publication_date": "2026-02-01",
    "image_url": "",
    "content": "I used to spend $15 a day on lunch. That's $75 a week, $300 a month, and a truly embarrassing amount per year. Now I spend Sunday afternoons prepping five lunches for about $30 total. This week's menu: Mediterranean grain bowls with chicken, roasted vegetables, and tzatziki. The key to meal prep that you'll actually eat is variety in toppings and sauces, even when the base is the same. I'll walk you through my exact process, grocery list, and storage tips so nothing goes soggy.",
    "approved": true
  }
},
{
  "model": "rareapi.post",
  "pk": 17,
  "fields": {
    "user": 13,
    "category": 7,
    "title": "The Science of Perfect Scrambled Eggs",
    "publication_date": "2026-02-26",
    "image_url": "",
    "content": "Gordon Ramsay says low and slow. J. Kenji López-Alt says medium heat with constant stirring. My grandmother says high heat and confidence. After scrambling approximately one million eggs, here's what I've found: the temperature debate matters less than two other factors — the freshness of the eggs and when you add the salt. Salt your eggs 15 minutes before cooking and the proteins break down slightly, resulting in more tender curds. Farm-fresh eggs with those deep orange yolks are a game changer. Here's the complete breakdown with side-by-side comparisons.",
    "approved": true
  }
},
{
  "model": "rareapi.post",
  "pk": 18,
  "fields": {
    "user": 13,
    "category": 7,
    "title": "Why Your Homemade Bread Fails (And How to Fix It)",
    "publication_date": "2026-03-18",
    "image_url": "",
    "content": "You followed the recipe exactly. You kneaded for the right amount of time. You let it rise in a warm spot. And it still came out dense and sad. I've been there. After two years of baking bread almost daily, here are the five most common mistakes: your water is too hot and killing the yeast, you're measuring flour by volume instead of weight, you're not developing the gluten enough, your oven isn't actually the temperature it says it is, and you're cutting into it too soon. Let's fix each one.",
    "approved": true
  }
},
{
  "model": "rareapi.post",
  "pk": 19,
  "fields": {
    "user": 14,
    "category": 8,
    "title": "The 10 Books That Changed How I Think About Software",
    "publication_date": "2026-01-17",
    "image_url": "",
    "content": "Not all of these are programming books, and that's the point. 'Thinking in Systems' by Donella Meadows taught me more about architecture than any tech book. 'The Design of Everyday Things' changed how I think about user interfaces. 'Sapiens' helped me understand why organizations make irrational decisions. Of course, 'Clean Code' and 'Pragmatic Programmer' are on here too. But the most impactful book was 'Thinking, Fast and Slow' — understanding cognitive biases made me a better code reviewer and a more empathetic teammate.",
    "approved": true
  }
},
{
  "model": "rareapi.post",
  "pk": 20,
  "fields": {
    "user": 14,
    "category": 8,
    "title": "Why I Read 50 Pages of Every Book Before Deciding to Finish It",
    "publication_date": "2026-02-16",
    "image_url": "",
    "content": "Life is too short for books you're not enjoying. I used to force myself to finish every book I started — some misguided sense of duty. Now I give every book exactly 50 pages. If it hasn't grabbed me by then, I move on guilt-free. This simple rule tripled my reading volume because I stopped spending weeks slogging through books I didn't like. Some books I've abandoned have great reputations. Some books I've devoured were random finds. Trust your own taste.",
    "approved": true
  }
},
{
  "model": "rareapi.post",
  "pk": 21,
  "fields": {
    "user": 14,
    "category": 8,
    "title": "Sci-Fi That Predicted Our Present: A Reading List",
    "publication_date": "2026-03-13",
    "image_url": "",
    "content": "Orwell gave us surveillance states. Huxley gave us distraction as control. But some sci-fi predictions are eerily specific. Neal Stephenson's 'Snow Crash' (1992) predicted the metaverse, avatar-based social interaction, and gig economy delivery drivers. Octavia Butler's 'Parable of the Sower' (1993) predicted climate refugees and gated communities. William Gibson coined 'cyberspace' before the internet was mainstream. Here are twelve sci-fi novels that look less like fiction every year, organized by theme.",
    "approved": true
  }
},
{
  "model": "rareapi.post",
  "pk": 22,
  "fields": {
    "user": 15,
    "category": 9,
    "title": "The Only 5 Exercises You Actually Need",
    "publication_date": "2026-01-15",
    "image_url": "",
    "content": "The fitness industry wants to sell you complexity. New equipment, new programs, new supplements every month. But the truth is boring: if you can squat, hinge, push, pull, and carry, you're covering every movement pattern your body needs. A barbell squat, a deadlift, a bench press, a pull-up, and a farmer's carry. That's it. Master these five movements and you'll be stronger, more mobile, and more functional than 90% of gym-goers doing Instagram workouts. Here's why each one matters and how to progress.",
    "approved": true
  }
},
{
  "model": "rareapi.post",
  "pk": 23,
  "fields": {
    "user": 15,
    "category": 9,
    "title": "Why Your Morning Run Isn't Helping You Lose Weight",
    "publication_date": "2026-02-08",
    "image_url": "",
    "content": "You've been running three miles every morning for six months and the scale hasn't budged. Here's the uncomfortable truth: steady-state cardio is terrible for fat loss when it's your only strategy. Your body adapts quickly to repetitive cardio, burning fewer calories over time for the same effort. Worse, it can increase cortisol and appetite, leading you to eat back more than you burned. I'm not saying don't run — running has amazing cardiovascular benefits. But if fat loss is the goal, you need to add resistance training and look at your nutrition.",
    "approved": true
  }
},
{
  "model": "rareapi.post",
  "pk": 24,
  "fields": {
    "user": 15,
    "category": 9,
    "title": "Sleep Is the Most Underrated Performance Enhancer",
    "publication_date": "2026-03-05",
    "image_url": "",
    "content": "I can tell within five minutes of a training session whether my client slept well the night before. Strength drops 10-15%, reaction time slows, and injury risk skyrockets on poor sleep. Yet most people will spend $200 on supplements while sleeping six hours on a bad mattress. Here's what the research says: 7-9 hours in a cool, dark room with consistent sleep and wake times will do more for your fitness than any supplement, program, or gadget. I'll break down the science and give you a sleep optimization checklist.",
    "approved": true
  }
},
{
  "model": "rareapi.post",
  "pk": 25,
  "fields": {
    "user": 16,
    "category": 10,
    "title": "The Golden Age of Indie Games Is Right Now",
    "publication_date": "2026-01-19",
    "image_url": "",
    "content": "Forget AAA releases with their $70 price tags and day-one patches. The best gaming experiences of 2025 came from small studios with big ideas. 'Balatro' proved that a poker-themed roguelike could be game of the year. 'Animal Well' showed that a single developer can create a puzzle masterpiece. The tools are better than ever — Unity, Godot, and Unreal are all free to start with. Distribution through Steam and itch.io means you don't need a publisher. We're living in the golden age and most people are too busy complaining about the latest AAA disappointment to notice.",
    "approved": true
  }
},
{
  "model": "rareapi.post",
  "pk": 26,
  "fields": {
    "user": 16,
    "category": 10,
    "title": "Building My First Game in Godot: Lessons from 6 Months",
    "publication_date": "2026-02-18",
    "image_url": "",
    "content": "Six months ago I decided to build a game. I had programming experience but zero game dev knowledge. I chose Godot over Unity for its open-source nature and GDScript's Python-like syntax. The first month was pure tutorials. The second month I started my own project and immediately realized tutorials teach you syntax, not architecture. Month three was a rewrite. By month four, I had something playable. Here's everything I wish someone had told me: start with a game jam scope, not your dream game. Use state machines. Playtest early and often.",
    "approved": true
  }
},
{
  "model": "rareapi.post",
  "pk": 27,
  "fields": {
    "user": 16,
    "category": 10,
    "title": "Why Retro Games Feel Better Than Modern Games",
    "publication_date": "2026-03-23",
    "image_url": "",
    "content": "This isn't nostalgia talking — I was born in 1998. I discovered retro games as an adult and I genuinely believe many of them are more fun than modern releases. The reason is constraints. When you only have 16 colors and 64KB of memory, every design decision matters. There's no filler content, no bloated open worlds, no microtransactions. A game like Mega Man 2 respects your time in a way that most modern 80-hour RPGs don't. The tight controls, immediate feedback loops, and clear progression make these games timeless. Here are my top 20 retro games that hold up perfectly.",
    "approved": true
  }
},
{
  "model": "rareapi.post",
  "pk": 28,
  "fields": {
    "user": 17,
    "category": 11,
    "title": "The Recycling Myth: What Actually Happens to Your Blue Bin",
    "publication_date": "2026-01-24",
    "image_url": "",
    "content": "I hate to be the bearer of bad news, but most of what you put in your recycling bin doesn't get recycled. National Geographic estimates that only 5-6% of plastic in the US is actually recycled. The rest goes to landfill, gets incinerated, or is shipped overseas. The recycling symbol on plastic doesn't mean it's recyclable — it's a resin identification code that the plastics industry deliberately designed to look like the recycling symbol. The real solution isn't better recycling — it's reducing consumption and demanding companies use less packaging.",
    "approved": true
  }
},
{
  "model": "rareapi.post",
  "pk": 29,
  "fields": {
    "user": 17,
    "category": 11,
    "title": "I Tried Zero-Waste Living for 30 Days. Here's What Happened.",
    "publication_date": "2026-02-24",
    "image_url": "",
    "content": "Day one: I'm motivated. I've got my mason jars, my reusable bags, my bamboo toothbrush. Day seven: I'm spending twice as long grocery shopping, visiting three different stores to find package-free options. Day fourteen: I cave and buy something in plastic because I'm exhausted. Day thirty: I've reduced my waste by about 60%, not 100%. And that's okay. The zero-waste movement's biggest flaw is the 'zero' part — it sets an impossible standard that makes people give up entirely. Reducing waste by half is still incredible. Here's what worked, what didn't, and what I'm keeping.",
    "approved": true
  }
},
{
  "model": "rareapi.post",
  "pk": 30,
  "fields": {
    "user": 17,
    "category": 11,
    "title": "Urban Composting: A Complete Guide for Apartment Dwellers",
    "publication_date": "2026-03-16",
    "image_url": "",
    "content": "You don't need a backyard to compost. I've been composting in my 600-square-foot apartment for two years using a combination of bokashi bins and vermicomposting (that's worms, for the uninitiated). The bokashi system handles meat and dairy — things traditional composting can't. The worm bin handles fruit and vegetable scraps and produces incredible fertilizer for my houseplants. The whole setup cost about $60 and takes up the space of a small trash can. No smell if you do it right. Here's my complete setup guide.",
    "approved": true
  }
},
{
  "model": "rareapi.post",
  "pk": 31,
  "fields": {
    "user": 18,
    "category": 12,
    "title": "Nashville's Underground Music Scene: Beyond Country",
    "publication_date": "2026-01-29",
    "image_url": "",
    "content": "Yes, Nashville is Music City. And yes, the honky-tonks on Broadway are fun. But if you think Nashville is just country music, you're missing 90% of what makes this city's music scene incredible. The garage rock coming out of East Nashville rivals anything from Detroit or Austin. The jazz scene at Rudy's Jazz Room is world-class. Grimey's New and Preloved Music isn't just a record store — it's a community hub with incredible in-store performances. Here's your guide to finding the real Nashville music scene, neighborhood by neighborhood.",
    "approved": true
  }
},
{
  "model": "rareapi.post",
  "pk": 32,
  "fields": {
    "user": 18,
    "category": 12,
    "title": "How Streaming Killed the Album (And Why That Matters)",
    "publication_date": "2026-02-28",
    "image_url": "",
    "content": "The average listener on Spotify plays 1.7 seconds of a song before deciding to skip. Artists now front-load hooks because if you don't grab attention in the first second, you've lost the stream. Albums used to be journeys — Dark Side of the Moon, OK Computer, To Pimp a Butterfly. They had pacing, themes, and intentional track ordering. Now artists release 20-track albums padded with filler because more tracks means more potential streams. We optimized for engagement metrics and lost the art form. Some artists are fighting back though, and they give me hope.",
    "approved": true
  }
},
{
  "model": "rareapi.post",
  "pk": 33,
  "fields": {
    "user": 19,
    "category": 13,
    "title": "My Startup Failed. Here's What I'd Do Differently.",
    "publication_date": "2026-02-04",
    "image_url": "",
    "content": "After 18 months and $120K of runway, we shut down FreshRoute, our farm-to-table delivery startup. The idea was solid, the execution was solid, but we made one fatal mistake: we didn't validate our pricing model before building the product. We assumed customers would pay a premium for locally-sourced groceries delivered to their door. They wouldn't. The convenience premium of existing delivery services was too strong. If I could go back, I'd spend the first three months doing nothing but customer interviews and pricing experiments. Build nothing. Validate everything. Your idea is probably not as unique as you think.",
    "approved": true
  }
},
{
  "model": "rareapi.post",
  "pk": 34,
  "fields": {
    "user": 19,
    "category": 13,
    "title": "The Remote Work Debate Is Missing the Point",
    "publication_date": "2026-03-10",
    "image_url": "",
    "content": "Companies demanding return-to-office and workers demanding permanent remote are both wrong because they're arguing about the wrong thing. The real question isn't where you work — it's how you work. I've seen remote teams that are incredibly productive and office teams that waste eight hours a day in meetings. I've seen remote workers who are isolated and unhappy and office workers who thrive on the energy. The answer isn't a blanket policy — it's giving teams the autonomy to figure out what works for them. Here's how we do it at my current company.",
    "approved": true
  }
},
{
  "model": "rareapi.post",
  "pk": 35,
  "fields": {
    "user": 20,
    "category": 14,
    "title": "The Best Camera Is NOT the One You Have With You",
    "publication_date": "2026-02-13",
    "image_url": "",
    "content": "I'm tired of this cliché. Yes, any camera is better than no camera. But if you're serious about photography, your equipment matters. Not because expensive gear makes better photos — it doesn't, automatically. But because the right tool for the job makes it possible to capture what you see. Try shooting street photography with a 200mm telephoto. Try capturing the Milky Way with a phone. Good gear won't make you a good photographer, but it will remove technical limitations that prevent good photographers from executing their vision.",
    "approved": true
  }
},
{
  "model": "rareapi.post",
  "pk": 36,
  "fields": {
    "user": 20,
    "category": 14,
    "title": "Golden Hour Is Overrated: A Defense of Harsh Light",
    "publication_date": "2026-03-20",
    "image_url": "",
    "content": "Every photography tutorial tells you to shoot during golden hour. The warm, diffused light is flattering, yes. But you know what's also interesting? The deep shadows and harsh contrasts of midday sun. The dramatic quality of overcast skies. The neon reflections on wet streets at midnight. Some of the most iconic photographs in history were shot in 'bad' light. Vivian Maier shot almost exclusively in direct sunlight. Fan Ho used harsh light and shadows to create geometric masterpieces. Stop waiting for golden hour and learn to see light in every condition.",
    "approved": true
  }
},
{
  "model": "rareapi.post",
  "pk": 37,
  "fields": {
    "user": 9,
    "category": 5,
    "title": "Welcome to Rare Publishing: Community Guidelines",
    "publication_date": "2026-01-02",
    "image_url": "",
    "content": "Welcome to Rare Publishing! We're a community of writers sharing perspectives on technology, culture, food, travel, and everything in between. A few ground rules: be respectful in comments, cite your sources when making factual claims, and remember that there's a human on the other end of every post. Posts go through an approval process before appearing publicly. If your post isn't approved within 48 hours, reach out to an admin. We're excited to read what you have to share!",
    "approved": true
  }
},
{
  "model": "rareapi.post",
  "pk": 38,
  "fields": {
    "user": 9,
    "category": 16,
    "title": "How mRNA Vaccines Actually Work: A Simple Explanation",
    "publication_date": "2026-02-14",
    "image_url": "",
    "content": "There's a lot of confusion about mRNA vaccines, so let's break it down without the jargon. Think of mRNA as a recipe card. Your cells are the kitchen. The vaccine delivers a recipe card that says 'make this one specific protein that looks like part of the virus.' Your cells read the recipe, make the protein, and your immune system goes 'hey, that looks suspicious' and learns to fight it. The recipe card gets destroyed after use — it doesn't change your DNA, which is like the permanent cookbook in the library. The recipe card never even goes to the library.",
    "approved": true
  }
},
{
  "model": "rareapi.post",
  "pk": 39,
  "fields": {
    "user": 11,
    "category": 5,
    "title": "Hot Take: TypeScript Is Overrated for Small Projects",
    "publication_date": "2026-04-02",
    "image_url": "",
    "content": "I know this is heresy in 2026, but hear me out. For projects under 5,000 lines of code with 1-2 developers, TypeScript adds more friction than value. The type system fights you more than it helps when you're prototyping rapidly. JSDoc comments give you 80% of the type safety with none of the build step complexity. I still use TypeScript for large team projects, but for side projects and prototypes? Plain JavaScript with good tests is faster and more fun.",
    "approved": false
  }
},
{
  "model": "rareapi.post",
  "pk": 40,
  "fields": {
    "user": 16,
    "category": 10,
    "title": "My Cozy Game Tier List (Fight Me)",
    "publication_date": "2026-04-04",
    "image_url": "",
    "content": "S Tier: Stardew Valley, Animal Crossing New Horizons. A Tier: Spiritfarer, Unpacking, A Short Hike. B Tier: Cozy Grove, Garden Story. C Tier: Ooblets (sorry). This tier list is objectively correct and I will not be taking questions. Just kidding — tell me your rankings in the comments. But seriously, if Stardew Valley isn't in your S Tier, we can't be friends.",
    "approved": false
  }
},
{
  "model": "rareapi.post",
  "pk": 41,
  "fields": {
    "user": 13,
    "category": 7,
    "title": "Controversial: Air Fryers Are Just Small Convection Ovens",
    "publication_date": "2026-04-05",
    "image_url": "",
    "content": "I'm ready for the hate mail. Your beloved air fryer is a convection oven with better marketing. It works by circulating hot air around food — exactly like a convection oven. The results are nearly identical. The only advantage is size — it heats up faster and uses less energy because the chamber is smaller. But calling it 'air frying' is marketing genius. You're not frying anything. You're baking. And that's fine! Baking is great! Just stop pretending it's a revolutionary technology.",
    "approved": false
  }
},
{
  "model": "rareapi.comment",
  "pk": 11,
  "fields": {
    "post": 6,
    "author": 16,
    "subject": "Same experience",
    "content": "We had the exact same journey at my last company. GraphQL is amazing for frontend devs but the backend complexity is real.",
    "created_on": "2026-04-07T22:35:30.065Z"
  }
},
{
  "model": "rareapi.comment",
  "pk": 12,
  "fields": {
    "post": 6,
    "author": 19,
    "subject": "",
    "content": "Have you tried tRPC? It gives you similar type safety benefits without the GraphQL complexity.",
    "created_on": "2026-04-07T22:35:30.066Z"
  }
},
{
  "model": "rareapi.comment",
  "pk": 13,
  "fields": {
    "post": 6,
    "author": 9,
    "subject": "Great writeup",
    "content": "Pinning this for our new developers. Great balanced perspective.",
    "created_on": "2026-04-07T22:35:30.066Z"
  }
},
{
  "model": "rareapi.comment",
  "pk": 14,
  "fields": {
    "post": 7,
    "author": 14,
    "subject": "Helpful breakdown",
    "content": "As someone who's been putting off learning RSC, this actually made it click for me. The mental model explanation was exactly what I needed.",
    "created_on": "2026-04-07T22:35:30.067Z"
  }
},
{
  "model": "rareapi.comment",
  "pk": 15,
  "fields": {
    "post": 7,
    "author": 11,
    "subject": "",
    "content": "Thanks Alex! The biggest aha moment for me was realizing that not everything needs to be interactive.",
    "created_on": "2026-04-07T22:35:30.067Z"
  }
},
{
  "model": "rareapi.comment",
  "pk": 16,
  "fields": {
    "post": 12,
    "author": 13,
    "subject": "The food!",
    "content": "Can confirm the konbini food is incredible. I ate 7-Eleven onigiri every morning in Tokyo and regret nothing. Also, the egg sandwiches!",
    "created_on": "2026-04-07T22:35:30.068Z"
  }
},
{
  "model": "rareapi.comment",
  "pk": 17,
  "fields": {
    "post": 12,
    "author": 20,
    "subject": "Photography tip",
    "content": "If you're into photography, Japan is a goldmine. The temples at dawn before tourists arrive are magical.",
    "created_on": "2026-04-07T22:35:30.068Z"
  }
},
{
  "model": "rareapi.comment",
  "pk": 18,
  "fields": {
    "post": 12,
    "author": 17,
    "subject": "",
    "content": "How did you handle the language barrier? That's my biggest worry about going.",
    "created_on": "2026-04-07T22:35:30.069Z"
  }
},
{
  "model": "rareapi.comment",
  "pk": 19,
  "fields": {
    "post": 12,
    "author": 12,
    "subject": "Re: language",
    "content": "Oliver — honestly, Google Translate's camera feature and basic phrases got me through 95% of situations. Most signs in cities have English too.",
    "created_on": "2026-04-07T22:35:30.069Z"
  }
},
{
  "model": "rareapi.comment",
  "pk": 20,
  "fields": {
    "post": 15,
    "author": 12,
    "subject": "Bookmarked!",
    "content": "I've been trying to recreate Prince's Hot Chicken at home for years. Trying your recipe this weekend.",
    "created_on": "2026-04-07T22:35:30.070Z"
  }
},
{
  "model": "rareapi.comment",
  "pk": 21,
  "fields": {
    "post": 15,
    "author": 9,
    "subject": "",
    "content": "The lard tip is the key. Butter doesn't get hot enough without burning.",
    "created_on": "2026-04-07T22:35:30.070Z"
  }
},
{
  "model": "rareapi.comment",
  "pk": 22,
  "fields": {
    "post": 15,
    "author": 15,
    "subject": "Heat level?",
    "content": "What heat level is this equivalent to? I want to try it but I'm a medium kind of person.",
    "created_on": "2026-04-07T22:35:30.070Z"
  }
},
{
  "model": "rareapi.comment",
  "pk": 23,
  "fields": {
    "post": 15,
    "author": 13,
    "subject": "Re: heat level",
    "content": "Jordan — this recipe is probably a 'hot' at Prince's. You can cut the cayenne in half for a solid medium.",
    "created_on": "2026-04-07T22:35:30.071Z"
  }
},
{
  "model": "rareapi.comment",
  "pk": 24,
  "fields": {
    "post": 22,
    "author": 17,
    "subject": "What about core work?",
    "content": "Great list, but shouldn't planks or ab rollouts be on here? Core stability seems pretty important.",
    "created_on": "2026-04-07T22:35:30.071Z"
  }
},
{
  "model": "rareapi.comment",
  "pk": 25,
  "fields": {
    "post": 22,
    "author": 15,
    "subject": "",
    "content": "Oliver — squats and deadlifts ARE core work. Your core stabilizes during every heavy compound movement. Direct ab work is fine but not necessary for most people.",
    "created_on": "2026-04-07T22:35:30.072Z"
  }
},
{
  "model": "rareapi.comment",
  "pk": 26,
  "fields": {
    "post": 22,
    "author": 19,
    "subject": "Farmer's carry",
    "content": "The farmer's carry is so underrated. My grip strength and posture improved dramatically after adding these.",
    "created_on": "2026-04-07T22:35:30.072Z"
  }
},
{
  "model": "rareapi.comment",
  "pk": 27,
  "fields": {
    "post": 25,
    "author": 11,
    "subject": "Balatro!",
    "content": "Balatro consumed my life for about three weeks. A poker roguelike shouldn't work that well but it absolutely does.",
    "created_on": "2026-04-07T22:35:30.073Z"
  }
},
{
  "model": "rareapi.comment",
  "pk": 28,
  "fields": {
    "post": 25,
    "author": 14,
    "subject": "",
    "content": "As someone who mostly reads about games rather than plays them, this list is really helpful. Downloading Animal Well tonight.",
    "created_on": "2026-04-07T22:35:30.073Z"
  }
},
{
  "model": "rareapi.comment",
  "pk": 29,
  "fields": {
    "post": 28,
    "author": 9,
    "subject": "Important read",
    "content": "This should be required reading. I had no idea about the resin identification code deception. That's genuinely infuriating.",
    "created_on": "2026-04-07T22:35:30.074Z"
  }
},
{
  "model": "rareapi.comment",
  "pk": 30,
  "fields": {
    "post": 28,
    "author": 13,
    "subject": "",
    "content": "This is why I started composting. At least with food waste, I know exactly where it goes.",
    "created_on": "2026-04-07T22:35:30.074Z"
  }
},
{
  "model": "rareapi.comment",
  "pk": 31,
  "fields": {
    "post": 28,
    "author": 19,
    "subject": "Business angle",
    "content": "There's actually a huge startup opportunity in plastic alternatives. Companies like Notpla are doing incredible work with seaweed-based packaging.",
    "created_on": "2026-04-07T22:35:30.074Z"
  }
},
{
  "model": "rareapi.comment",
  "pk": 32,
  "fields": {
    "post": 31,
    "author": 10,
    "subject": "As a music producer...",
    "content": "Thank you for writing this. I moved to Nashville for the music scene beyond country and it took me months to find these spots. Rudy's is the real deal.",
    "created_on": "2026-04-07T22:35:30.075Z"
  }
},
{
  "model": "rareapi.comment",
  "pk": 33,
  "fields": {
    "post": 31,
    "author": 12,
    "subject": "",
    "content": "Adding the Basement and the Basement East to this list. Both incredible venues for discovering new artists.",
    "created_on": "2026-04-07T22:35:30.075Z"
  }
},
{
  "model": "rareapi.comment",
  "pk": 34,
  "fields": {
    "post": 31,
    "author": 9,
    "subject": "",
    "content": "Grimey's is a Nashville institution. Their in-store shows are some of the best live music experiences I've ever had.",
    "created_on": "2026-04-07T22:35:30.076Z"
  }
},
{
  "model": "rareapi.comment",
  "pk": 35,
  "fields": {
    "post": 33,
    "author": 9,
    "subject": "Thank you for sharing",
    "content": "It takes courage to share failure publicly. The pricing validation point is something every founder needs to hear.",
    "created_on": "2026-04-07T22:35:30.076Z"
  }
},
{
  "model": "rareapi.comment",
  "pk": 36,
  "fields": {
    "post": 33,
    "author": 11,
    "subject": "Tech perspective",
    "content": "From a dev standpoint, the hardest lesson is that great code doesn't matter if the business model is wrong.",
    "created_on": "2026-04-07T22:35:30.077Z"
  }
},
{
  "model": "rareapi.comment",
  "pk": 37,
  "fields": {
    "post": 33,
    "author": 17,
    "subject": "",
    "content": "The farm-to-table model is tough. The logistics of cold chain delivery for local produce is a nightmare I've seen several startups struggle with.",
    "created_on": "2026-04-07T22:35:30.077Z"
  }
},
{
  "model": "rareapi.comment",
  "pk": 38,
  "fields": {
    "post": 36,
    "author": 11,
    "subject": "Excited to be here!",
    "content": "Love the community guidelines. Looking forward to sharing some tech articles!",
    "created_on": "2026-04-07T22:35:30.077Z"
  }
},
{
  "model": "rareapi.comment",
  "pk": 39,
  "fields": {
    "post": 36,
    "author": 13,
    "subject": "",
    "content": "Great platform! Can't wait to share some recipes.",
    "created_on": "2026-04-07T22:35:30.078Z"
  }
},
{
  "model": "rareapi.comment",
  "pk": 40,
  "fields": {
    "post": 36,
    "author": 18,
    "subject": "Music section",
    "content": "Is there a dedicated music category coming? Would love to write about Nashville's music scene.",
    "created_on": "2026-04-07T22:35:30.078Z"
  }
},
{
  "model": "rareapi.comment",
  "pk": 41,
  "fields": {
    "post": 36,
    "author": 9,
    "subject": "Re: music",
    "content": "Luna — yes! We just added a Music category. Write away!",
    "created_on": "2026-04-07T22:35:30.079Z"
  }
},
{
  "model": "rareapi.tag",
  "pk": 3,
  "fields": {
    "label": "JavaScript"
  }
},
{
  "model": "rareapi.tag",
  "pk": 4,
  "fields": {
    "label": "Python"
  }
},
{
  "model": "rareapi.tag",
  "pk": 5,
  "fields": {
    "label": "React"
  }
},
{
  "model": "rareapi.tag",
  "pk": 6,
  "fields": {
    "label": "Django"
  }
},
{
  "model": "rareapi.tag",
  "pk": 7,
  "fields": {
    "label": "API"
  }
},
{
  "model": "rareapi.tag",
  "pk": 8,
  "fields": {
    "label": "Tutorial"
  }
},
{
  "model": "rareapi.tag",
  "pk": 9,
  "fields": {
    "label": "Opinion"
  }
},
{
  "model": "rareapi.tag",
  "pk": 10,
  "fields": {
    "label": "Review"
  }
},
{
  "model": "rareapi.tag",
  "pk": 11,
  "fields": {
    "label": "How-To"
  }
},
{
  "model": "rareapi.tag",
  "pk": 12,
  "fields": {
    "label": "Nashville"
  }
},
{
  "model": "rareapi.tag",
  "pk": 13,
  "fields": {
    "label": "Beginner-Friendly"
  }
},
{
  "model": "rareapi.tag",
  "pk": 14,
  "fields": {
    "label": "Advanced"
  }
},
{
  "model": "rareapi.tag",
  "pk": 15,
  "fields": {
    "label": "Sustainability"
  }
},
{
  "model": "rareapi.tag",
  "pk": 16,
  "fields": {
    "label": "Indie"
  }
},
{
  "model": "rareapi.tag",
  "pk": 17,
  "fields": {
    "label": "Budget"
  }
},
{
  "model": "rareapi.tag",
  "pk": 18,
  "fields": {
    "label": "Meal Prep"
  }
},
{
  "model": "rareapi.tag",
  "pk": 19,
  "fields": {
    "label": "Science Fiction"
  }
},
{
  "model": "rareapi.tag",
  "pk": 20,
  "fields": {
    "label": "Fantasy"
  }
},
{
  "model": "rareapi.tag",
  "pk": 21,
  "fields": {
    "label": "Wellness"
  }
},
{
  "model": "rareapi.tag",
  "pk": 22,
  "fields": {
    "label": "Retro"
  }
},
{
  "model": "rareapi.posttag",
  "pk": 1,
  "fields": {
    "post": 6,
    "tag": 3
  }
},
{
  "model": "rareapi.posttag",
  "pk": 2,
  "fields": {
    "post": 6,
    "tag": 5
  }
},
{
  "model": "rareapi.posttag",
  "pk": 3,
  "fields": {
    "post": 6,
    "tag": 7
  }
},
{
  "model": "rareapi.posttag",
  "pk": 4,
  "fields": {
    "post": 6,
    "tag": 9
  }
},
{
  "model": "rareapi.posttag",
  "pk": 5,
  "fields": {
    "post": 7,
    "tag": 5
  }
},
{
  "model": "rareapi.posttag",
  "pk": 6,
  "fields": {
    "post": 7,
    "tag": 14
  }
},
{
  "model": "rareapi.posttag",
  "pk": 7,
  "fields": {
    "post": 8,
    "tag": 13
  }
},
{
  "model": "rareapi.posttag",
  "pk": 8,
  "fields": {
    "post": 8,
    "tag": 11
  }
},
{
  "model": "rareapi.posttag",
  "pk": 9,
  "fields": {
    "post": 9,
    "tag": 4
  }
},
{
  "model": "rareapi.posttag",
  "pk": 10,
  "fields": {
    "post": 9,
    "tag": 8
  }
},
{
  "model": "rareapi.posttag",
  "pk": 11,
  "fields": {
    "post": 9,
    "tag": 11
  }
},
{
  "model": "rareapi.posttag",
  "pk": 12,
  "fields": {
    "post": 10,
    "tag": 4
  }
},
{
  "model": "rareapi.posttag",
  "pk": 13,
  "fields": {
    "post": 10,
    "tag": 6
  }
},
{
  "model": "rareapi.posttag",
  "pk": 14,
  "fields": {
    "post": 10,
    "tag": 7
  }
},
{
  "model": "rareapi.posttag",
  "pk": 15,
  "fields": {
    "post": 10,
    "tag": 9
  }
},
{
  "model": "rareapi.posttag",
  "pk": 16,
  "fields": {
    "post": 11,
    "tag": 12
  }
},
{
  "model": "rareapi.posttag",
  "pk": 17,
  "fields": {
    "post": 11,
    "tag": 11
  }
},
{
  "model": "rareapi.posttag",
  "pk": 18,
  "fields": {
    "post": 11,
    "tag": 17
  }
},
{
  "model": "rareapi.posttag",
  "pk": 19,
  "fields": {
    "post": 12,
    "tag": 17
  }
},
{
  "model": "rareapi.posttag",
  "pk": 20,
  "fields": {
    "post": 12,
    "tag": 11
  }
},
{
  "model": "rareapi.posttag",
  "pk": 21,
  "fields": {
    "post": 13,
    "tag": 12
  }
},
{
  "model": "rareapi.posttag",
  "pk": 22,
  "fields": {
    "post": 14,
    "tag": 9
  }
},
{
  "model": "rareapi.posttag",
  "pk": 23,
  "fields": {
    "post": 15,
    "tag": 12
  }
},
{
  "model": "rareapi.posttag",
  "pk": 24,
  "fields": {
    "post": 15,
    "tag": 11
  }
},
{
  "model": "rareapi.posttag",
  "pk": 25,
  "fields": {
    "post": 16,
    "tag": 18
  }
},
{
  "model": "rareapi.posttag",
  "pk": 26,
  "fields": {
    "post": 16,
    "tag": 11
  }
},
{
  "model": "rareapi.posttag",
  "pk": 27,
  "fields": {
    "post": 16,
    "tag": 17
  }
},
{
  "model": "rareapi.posttag",
  "pk": 28,
  "fields": {
    "post": 17,
    "tag": 8
  }
},
{
  "model": "rareapi.posttag",
  "pk": 29,
  "fields": {
    "post": 17,
    "tag": 11
  }
},
{
  "model": "rareapi.posttag",
  "pk": 30,
  "fields": {
    "post": 18,
    "tag": 11
  }
},
{
  "model": "rareapi.posttag",
  "pk": 31,
  "fields": {
    "post": 18,
    "tag": 8
  }
},
{
  "model": "rareapi.posttag",
  "pk": 32,
  "fields": {
    "post": 19,
    "tag": 10
  }
},
{
  "model": "rareapi.posttag",
  "pk": 33,
  "fields": {
    "post": 19,
    "tag": 9
  }
},
{
  "model": "rareapi.posttag",
  "pk": 34,
  "fields": {
    "post": 20,
    "tag": 9
  }
},
{
  "model": "rareapi.posttag",
  "pk": 35,
  "fields": {
    "post": 21,
    "tag": 19
  }
},
{
  "model": "rareapi.posttag",
  "pk": 36,
  "fields": {
    "post": 21,
    "tag": 10
  }
},
{
  "model": "rareapi.posttag",
  "pk": 37,
  "fields": {
    "post": 22,
    "tag": 21
  }
},
{
  "model": "rareapi.posttag",
  "pk": 38,
  "fields": {
    "post": 22,
    "tag": 8
  }
},
{
  "model": "rareapi.posttag",
  "pk": 39,
  "fields": {
    "post": 22,
    "tag": 13
  }
},
{
  "model": "rareapi.posttag",
  "pk": 40,
  "fields": {
    "post": 23,
    "tag": 21
  }
},
{
  "model": "rareapi.posttag",
  "pk": 41,
  "fields": {
    "post": 23,
    "tag": 9
  }
},
{
  "model": "rareapi.posttag",
  "pk": 42,
  "fields": {
    "post": 24,
    "tag": 21
  }
},
{
  "model": "rareapi.posttag",
  "pk": 43,
  "fields": {
    "post": 24,
    "tag": 11
  }
},
{
  "model": "rareapi.posttag",
  "pk": 44,
  "fields": {
    "post": 25,
    "tag": 16
  }
},
{
  "model": "rareapi.posttag",
  "pk": 45,
  "fields": {
    "post": 25,
    "tag": 9
  }
},
{
  "model": "rareapi.posttag",
  "pk": 46,
  "fields": {
    "post": 26,
    "tag": 16
  }
},
{
  "model": "rareapi.posttag",
  "pk": 47,
  "fields": {
    "post": 26,
    "tag": 8
  }
},
{
  "model": "rareapi.posttag",
  "pk": 48,
  "fields": {
    "post": 26,
    "tag": 13
  }
},
{
  "model": "rareapi.posttag",
  "pk": 49,
  "fields": {
    "post": 27,
    "tag": 22
  }
},
{
  "model": "rareapi.posttag",
  "pk": 50,
  "fields": {
    "post": 27,
    "tag": 9
  }
},
{
  "model": "rareapi.posttag",
  "pk": 51,
  "fields": {
    "post": 27,
    "tag": 10
  }
},
{
  "model": "rareapi.posttag",
  "pk": 52,
  "fields": {
    "post": 28,
    "tag": 15
  }
},
{
  "model": "rareapi.posttag",
  "pk": 53,
  "fields": {
    "post": 28,
    "tag": 9
  }
},
{
  "model": "rareapi.posttag",
  "pk": 54,
  "fields": {
    "post": 29,
    "tag": 15
  }
},
{
  "model": "rareapi.posttag",
  "pk": 55,
  "fields": {
    "post": 29,
    "tag": 11
  }
},
{
  "model": "rareapi.posttag",
  "pk": 56,
  "fields": {
    "post": 30,
    "tag": 15
  }
},
{
  "model": "rareapi.posttag",
  "pk": 57,
  "fields": {
    "post": 30,
    "tag": 11
  }
},
{
  "model": "rareapi.posttag",
  "pk": 58,
  "fields": {
    "post": 30,
    "tag": 8
  }
},
{
  "model": "rareapi.posttag",
  "pk": 59,
  "fields": {
    "post": 31,
    "tag": 12
  }
},
{
  "model": "rareapi.posttag",
  "pk": 60,
  "fields": {
    "post": 31,
    "tag": 16
  }
},
{
  "model": "rareapi.posttag",
  "pk": 61,
  "fields": {
    "post": 32,
    "tag": 9
  }
},
{
  "model": "rareapi.posttag",
  "pk": 62,
  "fields": {
    "post": 32,
    "tag": 16
  }
},
{
  "model": "rareapi.posttag",
  "pk": 63,
  "fields": {
    "post": 33,
    "tag": 9
  }
},
{
  "model": "rareapi.posttag",
  "pk": 64,
  "fields": {
    "post": 34,
    "tag": 9
  }
},
{
  "model": "rareapi.posttag",
  "pk": 65,
  "fields": {
    "post": 35,
    "tag": 9
  }
},
{
  "model": "rareapi.posttag",
  "pk": 66,
  "fields": {
    "post": 35,
    "tag": 11
  }
},
{
  "model": "rareapi.posttag",
  "pk": 67,
  "fields": {
    "post": 36,
    "tag": 9
  }
},
{
  "model": "rareapi.reaction",
  "pk": 3,
  "fields": {
    "label": "happy",
    "image_url": "😊"
  }
},
{
  "model": "rareapi.reaction",
  "pk": 4,
  "fields": {
    "label": "love",
    "image_url": "❤️"
  }
},
{
  "model": "rareapi.reaction",
  "pk": 5,
  "fields": {
    "label": "mind blown",
    "image_url": "🤯"
  }
},
{
  "model": "rareapi.reaction",
  "pk": 6,
  "fields": {
    "label": "funny",
    "image_url": "😂"
  }
},
{
  "model": "rareapi.reaction",
  "pk": 7,
  "fields": {
    "label": "fire",
    "image_url": "🔥"
  }
},
{
  "model": "rareapi.reaction",
  "pk": 8,
  "fields": {
    "label": "thumbs up",
    "image_url": "👍"
  }
},
{
  "model": "rareapi.postreaction",
  "pk": 4,
  "fields": {
    "user": 12,
    "reaction": 3,
    "post": 6
  }
},
{
  "model": "rareapi.postreaction",
  "pk": 5,
  "fields": {
    "user": 14,
    "reaction": 3,
    "post": 6
  }
},
{
  "model": "rareapi.postreaction",
  "pk": 6,
  "fields": {
    "user": 16,
    "reaction": 3,
    "post": 6
  }
},
{
  "model": "rareapi.postreaction",
  "pk": 7,
  "fields": {
    "user": 19,
    "reaction": 3,
    "post": 6
  }
},
{
  "model": "rareapi.postreaction",
  "pk": 8,
  "fields": {
    "user": 10,
    "reaction": 7,
    "post": 6
  }
},
{
  "model": "rareapi.postreaction",
  "pk": 9,
  "fields": {
    "user": 11,
    "reaction": 7,
    "post": 6
  }
},
{
  "model": "rareapi.postreaction",
  "pk": 10,
  "fields": {
    "user": 9,
    "reaction": 7,
    "post": 7
  }
},
{
  "model": "rareapi.postreaction",
  "pk": 11,
  "fields": {
    "user": 14,
    "reaction": 7,
    "post": 7
  }
},
{
  "model": "rareapi.postreaction",
  "pk": 12,
  "fields": {
    "user": 19,
    "reaction": 7,
    "post": 7
  }
},
{
  "model": "rareapi.postreaction",
  "pk": 13,
  "fields": {
    "user": 12,
    "reaction": 8,
    "post": 7
  }
},
{
  "model": "rareapi.postreaction",
  "pk": 14,
  "fields": {
    "user": 16,
    "reaction": 8,
    "post": 7
  }
},
{
  "model": "rareapi.postreaction",
  "pk": 15,
  "fields": {
    "user": 9,
    "reaction": 8,
    "post": 8
  }
},
{
  "model": "rareapi.postreaction",
  "pk": 16,
  "fields": {
    "user": 13,
    "reaction": 8,
    "post": 8
  }
},
{
  "model": "rareapi.postreaction",
  "pk": 17,
  "fields": {
    "user": 16,
    "reaction": 8,
    "post": 8
  }
},
{
  "model": "rareapi.postreaction",
  "pk": 18,
  "fields": {
    "user": 17,
    "reaction": 8,
    "post": 8
  }
},
{
  "model": "rareapi.postreaction",
  "pk": 19,
  "fields": {
    "user": 19,
    "reaction": 8,
    "post": 8
  }
},
{
  "model": "rareapi.postreaction",
  "pk": 20,
  "fields": {
    "user": 10,
    "reaction": 3,
    "post": 8
  }
},
{
  "model": "rareapi.postreaction",
  "pk": 21,
  "fields": {
    "user": 18,
    "reaction": 3,
    "post": 8
  }
},
{
  "model": "rareapi.postreaction",
  "pk": 22,
  "fields": {
    "user": 9,
    "reaction": 5,
    "post": 10
  }
},
{
  "model": "rareapi.postreaction",
  "pk": 23,
  "fields": {
    "user": 16,
    "reaction": 5,
    "post": 10
  }
},
{
  "model": "rareapi.postreaction",
  "pk": 24,
  "fields": {
    "user": 19,
    "reaction": 5,
    "post": 10
  }
},
{
  "model": "rareapi.postreaction",
  "pk": 25,
  "fields": {
    "user": 13,
    "reaction": 4,
    "post": 12
  }
},
{
  "model": "rareapi.postreaction",
  "pk": 26,
  "fields": {
    "user": 17,
    "reaction": 4,
    "post": 12
  }
},
{
  "model": "rareapi.postreaction",
  "pk": 27,
  "fields": {
    "user": 20,
    "reaction": 4,
    "post": 12
  }
},
{
  "model": "rareapi.postreaction",
  "pk": 28,
  "fields": {
    "user": 9,
    "reaction": 8,
    "post": 12
  }
},
{
  "model": "rareapi.postreaction",
  "pk": 29,
  "fields": {
    "user": 11,
    "reaction": 8,
    "post": 12
  }
},
{
  "model": "rareapi.postreaction",
  "pk": 30,
  "fields": {
    "user": 14,
    "reaction": 8,
    "post": 12
  }
},
{
  "model": "rareapi.postreaction",
  "pk": 31,
  "fields": {
    "user": 9,
    "reaction": 7,
    "post": 15
  }
},
{
  "model": "rareapi.postreaction",
  "pk": 32,
  "fields": {
    "user": 10,
    "reaction": 7,
    "post": 15
  }
},
{
  "model": "rareapi.postreaction",
  "pk": 33,
  "fields": {
    "user": 12,
    "reaction": 7,
    "post": 15
  }
},
{
  "model": "rareapi.postreaction",
  "pk": 34,
  "fields": {
    "user": 15,
    "reaction": 7,
    "post": 15
  }
},
{
  "model": "rareapi.postreaction",
  "pk": 35,
  "fields": {
    "user": 17,
    "reaction": 7,
    "post": 15
  }
},
{
  "model": "rareapi.postreaction",
  "pk": 36,
  "fields": {
    "user": 11,
    "reaction": 4,
    "post": 15
  }
},
{
  "model": "rareapi.postreaction",
  "pk": 37,
  "fields": {
    "user": 14,
    "reaction": 4,
    "post": 15
  }
},
{
  "model": "rareapi.postreaction",
  "pk": 38,
  "fields": {
    "user": 16,
    "reaction": 4,
    "post": 15
  }
},
{
  "model": "rareapi.postreaction",
  "pk": 39,
  "fields": {
    "user": 20,
    "reaction": 4,
    "post": 15
  }
},
{
  "model": "rareapi.postreaction",
  "pk": 40,
  "fields": {
    "user": 9,
    "reaction": 8,
    "post": 16
  }
},
{
  "model": "rareapi.postreaction",
  "pk": 41,
  "fields": {
    "user": 11,
    "reaction": 8,
    "post": 16
  }
},
{
  "model": "rareapi.postreaction",
  "pk": 42,
  "fields": {
    "user": 15,
    "reaction": 8,
    "post": 16
  }
},
{
  "model": "rareapi.postreaction",
  "pk": 43,
  "fields": {
    "user": 17,
    "reaction": 8,
    "post": 16
  }
},
{
  "model": "rareapi.postreaction",
  "pk": 44,
  "fields": {
    "user": 11,
    "reaction": 4,
    "post": 19
  }
},
{
  "model": "rareapi.postreaction",
  "pk": 45,
  "fields": {
    "user": 13,
    "reaction": 4,
    "post": 19
  }
},
{
  "model": "rareapi.postreaction",
  "pk": 46,
  "fields": {
    "user": 16,
    "reaction": 4,
    "post": 19
  }
},
{
  "model": "rareapi.postreaction",
  "pk": 47,
  "fields": {
    "user": 18,
    "reaction": 4,
    "post": 19
  }
},
{
  "model": "rareapi.postreaction",
  "pk": 48,
  "fields": {
    "user": 9,
    "reaction": 5,
    "post": 21
  }
},
{
  "model": "rareapi.postreaction",
  "pk": 49,
  "fields": {
    "user": 11,
    "reaction": 5,
    "post": 21
  }
},
{
  "model": "rareapi.postreaction",
  "pk": 50,
  "fields": {
    "user": 13,
    "reaction": 5,
    "post": 21
  }
},
{
  "model": "rareapi.postreaction",
  "pk": 51,
  "fields": {
    "user": 9,
    "reaction": 7,
    "post": 22
  }
},
{
  "model": "rareapi.postreaction",
  "pk": 52,
  "fields": {
    "user": 11,
    "reaction": 7,
    "post": 22
  }
},
{
  "model": "rareapi.postreaction",
  "pk": 53,
  "fields": {
    "user": 13,
    "reaction": 7,
    "post": 22
  }
},
{
  "model": "rareapi.postreaction",
  "pk": 54,
  "fields": {
    "user": 17,
    "reaction": 7,
    "post": 22
  }
},
{
  "model": "rareapi.postreaction",
  "pk": 55,
  "fields": {
    "user": 19,
    "reaction": 7,
    "post": 22
  }
},
{
  "model": "rareapi.postreaction",
  "pk": 56,
  "fields": {
    "user": 9,
    "reaction": 3,
    "post": 25
  }
},
{
  "model": "rareapi.postreaction",
  "pk": 57,
  "fields": {
    "user": 11,
    "reaction": 3,
    "post": 25
  }
},
{
  "model": "rareapi.postreaction",
  "pk": 58,
  "fields": {
    "user": 14,
    "reaction": 3,
    "post": 25
  }
},
{
  "model": "rareapi.postreaction",
  "pk": 59,
  "fields": {
    "user": 10,
    "reaction": 8,
    "post": 25
  }
},
{
  "model": "rareapi.postreaction",
  "pk": 60,
  "fields": {
    "user": 13,
    "reaction": 8,
    "post": 25
  }
},
{
  "model": "rareapi.postreaction",
  "pk": 61,
  "fields": {
    "user": 17,
    "reaction": 8,
    "post": 25
  }
},
{
  "model": "rareapi.postreaction",
  "pk": 62,
  "fields": {
    "user": 19,
    "reaction": 8,
    "post": 25
  }
},
{
  "model": "rareapi.postreaction",
  "pk": 63,
  "fields": {
    "user": 20,
    "reaction": 8,
    "post": 25
  }
},
{
  "model": "rareapi.postreaction",
  "pk": 64,
  "fields": {
    "user": 9,
    "reaction": 5,
    "post": 28
  }
},
{
  "model": "rareapi.postreaction",
  "pk": 65,
  "fields": {
    "user": 10,
    "reaction": 5,
    "post": 28
  }
},
{
  "model": "rareapi.postreaction",
  "pk": 66,
  "fields": {
    "user": 13,
    "reaction": 5,
    "post": 28
  }
},
{
  "model": "rareapi.postreaction",
  "pk": 67,
  "fields": {
    "user": 18,
    "reaction": 5,
    "post": 28
  }
},
{
  "model": "rareapi.postreaction",
  "pk": 68,
  "fields": {
    "user": 19,
    "reaction": 5,
    "post": 28
  }
},
{
  "model": "rareapi.postreaction",
  "pk": 69,
  "fields": {
    "user": 11,
    "reaction": 8,
    "post": 28
  }
},
{
  "model": "rareapi.postreaction",
  "pk": 70,
  "fields": {
    "user": 12,
    "reaction": 8,
    "post": 28
  }
},
{
  "model": "rareapi.postreaction",
  "pk": 71,
  "fields": {
    "user": 14,
    "reaction": 8,
    "post": 28
  }
},
{
  "model": "rareapi.postreaction",
  "pk": 72,
  "fields": {
    "user": 15,
    "reaction": 8,
    "post": 28
  }
},
{
  "model": "rareapi.postreaction",
  "pk": 73,
  "fields": {
    "user": 16,
    "reaction": 8,
    "post": 28
  }
},
{
  "model": "rareapi.postreaction",
  "pk": 74,
  "fields": {
    "user": 9,
    "reaction": 4,
    "post": 31
  }
},
{
  "model": "rareapi.postreaction",
  "pk": 75,
  "fields": {
    "user": 10,
    "reaction": 4,
    "post": 31
  }
},
{
  "model": "rareapi.postreaction",
  "pk": 76,
  "fields": {
    "user": 12,
    "reaction": 4,
    "post": 31
  }
},
{
  "model": "rareapi.postreaction",
  "pk": 77,
  "fields": {
    "user": 14,
    "reaction": 4,
    "post": 31
  }
},
{
  "model": "rareapi.postreaction",
  "pk": 78,
  "fields": {
    "user": 16,
    "reaction": 4,
    "post": 31
  }
},
{
  "model": "rareapi.postreaction",
  "pk": 79,
  "fields": {
    "user": 11,
    "reaction": 7,
    "post": 31
  }
},
{
  "model": "rareapi.postreaction",
  "pk": 80,
  "fields": {
    "user": 13,
    "reaction": 7,
    "post": 31
  }
},
{
  "model": "rareapi.postreaction",
  "pk": 81,
  "fields": {
    "user": 17,
    "reaction": 7,
    "post": 31
  }
},
{
  "model": "rareapi.postreaction",
  "pk": 82,
  "fields": {
    "user": 9,
    "reaction": 4,
    "post": 33
  }
},
{
  "model": "rareapi.postreaction",
  "pk": 83,
  "fields": {
    "user": 11,
    "reaction": 4,
    "post": 33
  }
},
{
  "model": "rareapi.postreaction",
  "pk": 84,
  "fields": {
    "user": 17,
    "reaction": 4,
    "post": 33
  }
},
{
  "model": "rareapi.postreaction",
  "pk": 85,
  "fields": {
    "user": 10,
    "reaction": 8,
    "post": 33
  }
},
{
  "model": "rareapi.postreaction",
  "pk": 86,
  "fields": {
    "user": 13,
    "reaction": 8,
    "post": 33
  }
},
{
  "model": "rareapi.postreaction",
  "pk": 87,
  "fields": {
    "user": 14,
    "reaction": 8,
    "post": 33
  }
},
{
  "model": "rareapi.postreaction",
  "pk": 88,
  "fields": {
    "user": 16,
    "reaction": 8,
    "post": 33
  }
},
{
  "model": "rareapi.postreaction",
  "pk": 89,
  "fields": {
    "user": 18,
    "reaction": 8,
    "post": 33
  }
},
{
  "model": "rareapi.postreaction",
  "pk": 90,
  "fields": {
    "user": 9,
    "reaction": 8,
    "post": 36
  }
},
{
  "model": "rareapi.postreaction",
  "pk": 91,
  "fields": {
    "user": 10,
    "reaction": 8,
    "post": 36
  }
},
{
  "model": "rareapi.postreaction",
  "pk": 92,
  "fields": {
    "user": 11,
    "reaction": 8,
    "post": 36
  }
},
{
  "model": "rareapi.postreaction",
  "pk": 93,
  "fields": {
    "user": 12,
    "reaction": 8,
    "post": 36
  }
},
{
  "model": "rareapi.postreaction",
  "pk": 94,
  "fields": {
    "user": 13,
    "reaction": 8,
    "post": 36
  }
},
{
  "model": "rareapi.postreaction",
  "pk": 95,
  "fields": {
    "user": 14,
    "reaction": 8,
    "post": 36
  }
},
{
  "model": "rareapi.postreaction",
  "pk": 96,
  "fields": {
    "user": 15,
    "reaction": 8,
    "post": 36
  }
},
{
  "model": "rareapi.postreaction",
  "pk": 97,
  "fields": {
    "user": 16,
    "reaction": 8,
    "post": 36
  }
},
{
  "model": "rareapi.postreaction",
  "pk": 98,
  "fields": {
    "user": 17,
    "reaction": 8,
    "post": 36
  }
},
{
  "model": "rareapi.postreaction",
  "pk": 99,
  "fields": {
    "user": 18,
    "reaction": 8,
    "post": 36
  }
},
{
  "model": "rareapi.postreaction",
  "pk": 100,
  "fields": {
    "user": 19,
    "reaction": 8,
    "post": 36
  }
},
{
  "model": "rareapi.postreaction",
  "pk": 101,
  "fields": {
    "user": 20,
    "reaction": 8,
    "post": 36
  }
},
{
  "model": "rareapi.subscription",
  "pk": 2,
  "fields": {
    "follower": 11,
    "author": 9,
    "created_on": "2026-04-07",
    "ended_on": null
  }
},
{
  "model": "rareapi.subscription",
  "pk": 3,
  "fields": {
    "follower": 11,
    "author": 16,
    "created_on": "2026-04-07",
    "ended_on": null
  }
},
{
  "model": "rareapi.subscription",
  "pk": 4,
  "fields": {
    "follower": 11,
    "author": 19,
    "created_on": "2026-04-07",
    "ended_on": null
  }
},
{
  "model": "rareapi.subscription",
  "pk": 5,
  "fields": {
    "follower": 12,
    "author": 13,
    "created_on": "2026-04-07",
    "ended_on": null
  }
},
{
  "model": "rareapi.subscription",
  "pk": 6,
  "fields": {
    "follower": 12,
    "author": 17,
    "created_on": "2026-04-07",
    "ended_on": null
  }
},
{
  "model": "rareapi.subscription",
  "pk": 7,
  "fields": {
    "follower": 12,
    "author": 20,
    "created_on": "2026-04-07",
    "ended_on": null
  }
},
{
  "model": "rareapi.subscription",
  "pk": 8,
  "fields": {
    "follower": 13,
    "author": 12,
    "created_on": "2026-04-07",
    "ended_on": null
  }
},
{
  "model": "rareapi.subscription",
  "pk": 9,
  "fields": {
    "follower": 13,
    "author": 15,
    "created_on": "2026-04-07",
    "ended_on": null
  }
},
{
  "model": "rareapi.subscription",
  "pk": 10,
  "fields": {
    "follower": 13,
    "author": 17,
    "created_on": "2026-04-07",
    "ended_on": null
  }
},
{
  "model": "rareapi.subscription",
  "pk": 11,
  "fields": {
    "follower": 14,
    "author": 11,
    "created_on": "2026-04-07",
    "ended_on": null
  }
},
{
  "model": "rareapi.subscription",
  "pk": 12,
  "fields": {
    "follower": 14,
    "author": 16,
    "created_on": "2026-04-07",
    "ended_on": null
  }
},
{
  "model": "rareapi.subscription",
  "pk": 13,
  "fields": {
    "follower": 14,
    "author": 18,
    "created_on": "2026-04-07",
    "ended_on": null
  }
},
{
  "model": "rareapi.subscription",
  "pk": 14,
  "fields": {
    "follower": 15,
    "author": 13,
    "created_on": "2026-04-07",
    "ended_on": null
  }
},
{
  "model": "rareapi.subscription",
  "pk": 15,
  "fields": {
    "follower": 15,
    "author": 11,
    "created_on": "2026-04-07",
    "ended_on": null
  }
},
{
  "model": "rareapi.subscription",
  "pk": 16,
  "fields": {
    "follower": 16,
    "author": 11,
    "created_on": "2026-04-07",
    "ended_on": null
  }
},
{
  "model": "rareapi.subscription",
  "pk": 17,
  "fields": {
    "follower": 16,
    "author": 14,
    "created_on": "2026-04-07",
    "ended_on": null
  }
},
{
  "model": "rareapi.subscription",
  "pk": 18,
  "fields": {
    "follower": 16,
    "author": 18,
    "created_on": "2026-04-07",
    "ended_on": null
  }
},
{
  "model": "rareapi.subscription",
  "pk": 19,
  "fields": {
    "follower": 17,
    "author": 13,
    "created_on": "2026-04-07",
    "ended_on": null
  }
},
{
  "model": "rareapi.subscription",
  "pk": 20,
  "fields": {
    "follower": 17,
    "author": 12,
    "created_on": "2026-04-07",
    "ended_on": null
  }
},
{
  "model": "rareapi.subscription",
  "pk": 21,
  "fields": {
    "follower": 17,
    "author": 11,
    "created_on": "2026-04-07",
    "ended_on": null
  }
},
{
  "model": "rareapi.subscription",
  "pk": 22,
  "fields": {
    "follower": 18,
    "author": 10,
    "created_on": "2026-04-07",
    "ended_on": null
  }
},
{
  "model": "rareapi.subscription",
  "pk": 23,
  "fields": {
    "follower": 18,
    "author": 16,
    "created_on": "2026-04-07",
    "ended_on": null
  }
},
{
  "model": "rareapi.subscription",
  "pk": 24,
  "fields": {
    "follower": 18,
    "author": 12,
    "created_on": "2026-04-07",
    "ended_on": null
  }
},
{
  "model": "rareapi.subscription",
  "pk": 25,
  "fields": {
    "follower": 19,
    "author": 11,
    "created_on": "2026-04-07",
    "ended_on": null
  }
},
{
  "model": "rareapi.subscription",
  "pk": 26,
  "fields": {
    "follower": 19,
    "author": 9,
    "created_on": "2026-04-07",
    "ended_on": null
  }
},
{
  "model": "rareapi.subscription",
  "pk": 27,
  "fields": {
    "follower": 20,
    "author": 12,
    "created_on": "2026-04-07",
    "ended_on": null
  }
},
{
  "model": "rareapi.subscription",
  "pk": 28,
  "fields": {
    "follower": 20,
    "author": 18,
    "created_on": "2026-04-07",
    "ended_on": null
  }
},
{
  "model": "rareapi.subscription",
  "pk": 29,
  "fields": {
    "follower": 20,
    "author": 17,
    "created_on": "2026-04-07",
    "ended_on": null
  }
},
{
  "model": "rareapi.subscription",
  "pk": 30,
  "fields": {
    "follower": 9,
    "author": 11,
    "created_on": "2026-04-07",
    "ended_on": null
  }
},
{
  "model": "rareapi.subscription",
  "pk": 31,
  "fields": {
    "follower": 9,
    "author": 18,
    "created_on": "2026-04-07",
    "ended_on": null
  }
},
{
  "model": "rareapi.subscription",
  "pk": 32,
  "fields": {
    "follower": 10,
    "author": 18,
    "created_on": "2026-04-07",
    "ended_on": null
  }
},
{
  "model": "rareapi.subscription",
  "pk": 33,
  "fields": {
    "follower": 10,
    "author": 11,
    "created_on": "2026-04-07",
    "ended_on": null
  }
}
]
